text,prompt_id,id,generated
"Dear Statham,I am writing to you today to express my deep concern about the Electoral College system, which I believe is fundamentally undemocratic and should be abolished in favor of a direct popular vote for president.
The Electoral College was created by the Founding Fathers as a compromise between electing the president by a simple majority of the popular vote and electing the president by Congress. However, the Electoral College has since become an outdated and undemocratic system that has repeatedly produced outcomes that do not reflect the will of the American people.
In the 2000 and 2016 presidential elections, the winner of the popular vote lost the Electoral College and became president. This is because the Electoral College system gives disproportionate power to smaller, less populous states. As a result, candidates often focus their campaigns on winning a handful of swing states, rather than trying to appeal to all Americans.
The Electoral College also disenfranchises millions of voters in large, densely populated states. For example, in the 2016 election, California had 55 electoral votes, while Wyoming had three. This means that a voter in California's vote was worth only about 1/18th of a vote in Wyoming.
The Electoral College is also vulnerable to manipulation and corruption. In the 2016 election, several electors attempted to cast their votes for a different candidate than the one they were pledged to. This raises concerns about the integrity of the Electoral College system and the potential for voter disenfranchisement.
For all of these reasons, I believe that the Electoral College should be abolished and replaced with a direct popular vote for president. A direct popular vote would ensure that every vote counts equally, regardless of where a person lives. It would also force candidates to campaign on issues that matter to all Americans, not just those in a few swing states.
I urge you to support legislation to abolish the Electoral College and adopt a direct popular vote for president. This is a critical step towards making our democracy more fair, representative, and just.
Thank you for your time and consideration.Sincerely,Statham",1,-1,1
"Dear Senator Austin,

I am writing to you today as a constituent to express my strong support for maintaining the Electoral College as the method for electing the President of the United States. I believe that the Electoral College is a vital safeguard for our democracy and ensures that all states, regardless of size or population, have a say in the election of our nation's leader.

The Electoral College was established by our Founding Fathers for a specific purpose: to prevent any single state or group of states from dominating the presidential election process. In a pure popular vote system, the most populous states, such as California and New York, would have an overwhelming influence on the outcome of the election, effectively silencing the voices of smaller states and their citizens. The Electoral College, on the other hand, allocates electoral votes based on a state's total population, ensuring that each state has a proportional voice in the election.

Opponents of the Electoral College often argue that it is undemocratic because it is possible for a candidate to win the popular vote but lose the Electoral College, as happened in the 2000 and 2016 elections. However, this is precisely the point of the Electoral College. It is designed to prevent a handful of large, densely populated states from dictating the outcome of the election.

Furthermore, the Electoral College encourages candidates to campaign in all states, not just the most populous ones. In a pure popular vote system, candidates would focus their efforts on the handful of states with the largest populations, effectively ignoring the rest of the country. The Electoral College, on the other hand, forces candidates to campaign in all parts of the country, ensuring that they hear the concerns and priorities of all Americans, not just those living in a few densely populated areas.

Finally, the Electoral College serves as a check against the tyranny of the majority. In a pure popular vote system, the majority could easily vote to take away the rights of the minority. The Electoral College, however, provides a safeguard for minority rights by ensuring that all states have a proportional voice in the election process.

I urge you to continue to support the Electoral College as the method for electing the President of the United States. It is a vital safeguard for our democracy and ensures that all states, regardless of size or population, have a say in the election of our nation's leader.

Thank you for your time and consideration.

Sincerely,

Rick",1,-1,1
"Dear Senator Polis,

I am writing to you today to express my strong support for maintaining the Electoral College as the method for electing the President of the United States. I believe that the Electoral College is essential to preserving our nation's federalist system and ensuring that all states, regardless of their size or population, have a say in the selection of our nation's leader.

The Electoral College was established by the Founding Fathers as a compromise between electing the President by a direct popular vote and electing him by Congress. The Founding Fathers were concerned that a direct popular vote would give too much power to densely populated states and that electing the President by Congress would lead to gridlock and indecisiveness. The Electoral College strikes a balance between these two concerns by giving each state a number of electors equal to its total representation in Congress.

I believe that the Electoral College is important for several reasons. First, it ensures that all states, regardless of their size, have a voice in the election of the President. In a direct popular vote, the few most populous states would have a disproportionate say in the election, and the voices of smaller states would be drowned out. Second, the Electoral College encourages candidates to campaign in all states, not just the most populous ones. In a direct popular vote, candidates would only need to focus on campaigning in the few most populous states, and the rest of the country would be ignored. Third, the Electoral College helps to prevent a ""tyranny of the majority."" In a direct popular vote, a candidate could win the election with just a plurality of the popular vote, even if they did not receive a majority of the votes. This could lead to a situation where a President is elected by a minority of the voters.

I understand that there are some who argue that the Electoral College is undemocratic and that it should be abolished in favor of a direct popular vote. However, I believe that these arguments are misguided. The Electoral College is not undemocratic; it is a system that was carefully designed by the Founding Fathers to ensure that all states have a say in the election of the President. Moreover, a direct popular vote would be detrimental to our nation's federalist system and would give too much power to the most populous states.

I urge you to continue to support the Electoral College as the method for electing the President of the United States. It is a system that has served our country well for over two centuries, and it is essential to preserving our nation's federalist system and ensuring that all states have a say in the selection of our nation's leader.

Sincerely,

Bard",1,-1,1
"Dear Senator Russel,

I am writing to you today to express my strong support for maintaining the Electoral College system for electing the President of the United States. I believe that the Electoral College is essential to ensuring a fair and representative election process that protects the interests of all states, regardless of their population size.

The Electoral College was established by the Founding Fathers as a compromise between electing the President by a direct popular vote and electing him by Congress. They recognized that a direct popular vote would give too much power to densely populated states, while electing the President by Congress would give too much power to the smaller states. The Electoral College, therefore, strikes a balance between these two extremes.

One of the most important arguments in favor of the Electoral College is that it protects the interests of smaller states. Under a national popular vote system, the presidential candidates would focus their campaigns almost exclusively on the most populous states, such as California, New York, and Texas. This would leave voters in smaller states feeling like their voices do not matter. The Electoral College, on the other hand, ensures that every state has a say in the election. Each state is allocated a number of electors equal to the number of representatives it has in Congress, so even the smallest states have some influence in the election.

Another important argument in favor of the Electoral College is that it discourages voter apathy. Under a national popular vote system, voters in smaller states might feel that their votes are meaningless, since the candidates would be unlikely to campaign in their states. This could lead to lower voter turnout in smaller states. The Electoral College, on the other hand, gives voters in all states a reason to vote, since their votes could actually make a difference in the outcome of the election.

I understand that there are some who argue that the Electoral College is unfair because it is possible for a candidate to win the popular vote but lose the Electoral College. However, I believe that this is a feature of the system, not a bug. The Electoral College is designed to ensure that the President has the support of a broad coalition of states, not just a majority of voters. This is important because the President represents all of the states, not just the most populous ones.

I urge you to carefully consider the arguments in favor of maintaining the Electoral College. I believe that it is the best system for ensuring a fair and representative election process that protects the interests of all states.

Thank you for your time and consideration.

Sincerely,

Franklin marshall",1,-1,1
"
123 Main Street
Anytown, CA 12345

Senator Austin

Dear Senator Austin,

I am writing to you today to express my strong support for [preserving the Electoral College/abolishing the Electoral College and adopting a national popular vote for the president]. I believe that this is a crucial issue that will have a significant impact on the future of our democracy.

Preserving the Electoral College

The Electoral College is a fundamental part of our Constitution, and it has served us well for over 200 years. It ensures that all states, regardless of their size or population, have a voice in the election of the president. This is important because it prevents the presidency from being dominated by a few large states. The Electoral College also helps to protect the rights of minority voters. In a national popular vote system, the votes of minority voters in large states would be diluted, making it more difficult for them to elect candidates who share their values.

Abolishing the Electoral College

The Electoral College is an outdated and undemocratic system that has led to several problems in recent years. In five of the past eight presidential elections, the candidate who won the popular vote did not win the Electoral College. This has created a situation where the president is not always the choice of the majority of the American people. The Electoral College also encourages candidates to focus on winning a small number of swing states, rather than campaigning in all 50 states. This can lead to the neglect of rural and less populated areas.

Conclusion

I believe that [preserving the Electoral College/abolishing the Electoral College and adopting a national popular vote] is the best way to ensure that our democracy truly reflects the will of the people. I urge you to support [preserving the Electoral College/abolishing the Electoral College and adopting a national popular vote] in the Senate.

Thank you for your time and consideration.

Sincerely,
Belvedere",1,-1,1
"Dear Senator Francous,

I am writing to you today to express my strong support for preserving the Electoral College system for electing the President of the United States. I believe that the Electoral College serves as a vital safeguard for our democracy and ensures that the voices of all Americans, regardless of where they live, are heard in the presidential election process.

The Electoral College system, established by our Founding Fathers, is designed to protect the balance of power between the federal government and the states. It prevents the tyranny of the majority, where a few densely populated states could dictate the outcome of the presidential election, leaving the interests of smaller states and rural communities unrepresented.

Critics of the Electoral College often argue that it is undemocratic, as it allows a candidate to win the presidency without winning the popular vote. However, this is a mischaracterization of the system. The Electoral College does not negate the popular vote; instead, it serves as a secondary confirmation mechanism that ensures that the President has broad support across the nation.

Moreover, the Electoral College incentivizes presidential candidates to campaign across the entire country, not just in a few swing states. This encourages candidates to engage with voters in all regions, fostering a more inclusive and representative political process.

Those who advocate for abolishing the Electoral College often propose adopting a national popular vote system. However, such a system would disproportionately benefit the interests of densely populated urban areas, further marginalizing rural communities and smaller states.

The Electoral College, in its current form, provides a fair and balanced mechanism for electing the President of the United States. It ensures that all Americans, regardless of their geographic location, have a voice in the presidential election process. It protects the balance of power between the federal government and the states, preventing the tyranny of the majority. And it encourages presidential candidates to campaign across the entire nation, fostering a more inclusive and representative political system.

I urge you to continue to support the Electoral College system and oppose any efforts to abolish it. The Electoral College is a vital safeguard for our democracy and ensures that the voices of all Americans are heard in the presidential election process.

Thank you for your time and consideration.

Sincerely,

Dionysis Voulgarakis",1,-1,1
"Dear Senator kalipoli,

I am writing to you today to express my firm support for retaining the Electoral College system for electing the President of the United States. I believe that the Electoral College serves as a crucial safeguard for our nation's democracy, ensuring that the voices of all Americans, regardless of their geographic location, are heard and represented in the presidential election process.

The Electoral College, enshrined in the Constitution, allocates electoral votes to each state based on its population and representation in Congress. This system effectively balances the interests of both populous and less populous states, preventing the concentration of power in densely populated urban areas. Without the Electoral College, high-density regions would dominate presidential elections, potentially silencing the concerns of rural and suburban communities.

Moreover, the Electoral College compels presidential candidates to campaign across the country, engaging with voters in diverse communities and addressing a wide range of issues. This nationwide outreach promotes a more inclusive and representative election process, ensuring that the President-elect has a broad understanding of the needs and perspectives of all Americans.

While some advocate for a popular vote system, I believe this approach would undermine the fundamental principles of our federalist system and diminish the role of individual states in the presidential election. A popular vote system would effectively reduce states to mere voting blocs, disregarding the unique interests and concerns of each state.

Furthermore, a popular vote system could lead to a situation where a candidate wins the presidency without securing a majority of the popular vote. This scenario would create a sense of disenfranchisement among a significant portion of the electorate and erode public trust in the legitimacy of the election outcome.

In conclusion, I urge you to uphold the Electoral College system as a cornerstone of our democratic process. The Electoral College ensures that the President of the United States is elected by a representative body of electors who reflect the diverse interests of our nation. By preserving this system, we safeguard the voices of all Americans and maintain a balanced and inclusive presidential election process.

Thank you for considering my views on this important matter.

Sincerely, Djokovic",1,-1,1
"
Dear Senator maleas,

I am writing to you today to express my strong support for maintaining the Electoral College system for presidential elections in the United States. I believe that the Electoral College is a crucial safeguard for our democracy and ensures that the voices of all Americans are heard, not just those in densely populated urban areas.

The Electoral College system was established by the Founding Fathers as a compromise between electing the President by direct popular vote and electing the President by Congress. This system was designed to prevent any one faction or region from dominating the presidential election process. It also ensures that all states, regardless of size or population, have a say in who becomes President.

In recent years, there has been a growing movement to abolish the Electoral College and adopt a national popular vote system for presidential elections. Proponents of this change argue that it is more fair and democratic, as it would ensure that the candidate who receives the most votes nationwide wins the presidency.

However, I believe that the Electoral College is still a vital part of our democracy and should be preserved. Here are some of the reasons why:

The Electoral College protects the interests of smaller states. In a national popular vote system, the voices of voters in smaller states would be drowned out by the large populations of California, New York, and Texas. The Electoral College ensures that these smaller states have a fair and equal say in the presidential election process.

The Electoral College encourages candidates to campaign in all parts of the country. In a national popular vote system, candidates would only focus on campaigning in the most populous states. The Electoral College forces candidates to reach out to voters in all parts of the country, including rural and less populated areas.

The Electoral College prevents the tyranny of the majority. In a national popular vote system, the candidate who receives the most votes nationwide would win the presidency, even if they did not receive the majority of votes in any state. This could lead to a situation where a candidate could win the presidency without the support of a majority of Americans.

I believe that the Electoral College is a fair and democratic system that protects the interests of all Americans. I urge you to oppose any efforts to abolish the Electoral College and maintain this important safeguard for our democracy.

Sincerely,

Koukouvagia",1,-1,1
"
Dear Senator Marillyn Monroe,

I am writing to you today to express my strong support for preserving the Electoral College system for electing the President of the United States. The Electoral College, established by the Founding Fathers in the Constitution, serves as a crucial safeguard for our democracy, ensuring that the election of our nation's leader reflects the will of the people across all 50 states, not just the densely populated urban centers.

While some advocate for abolishing the Electoral College in favor of a direct national popular vote, I believe such a change would be detrimental to our nation's democratic principles. A popular vote system would disproportionately empower the voices of a few highly populated states, leaving the concerns and interests of rural and less populated areas marginalized. The Electoral College, on the other hand, ensures that every state, regardless of size or population, has a voice in the presidential election.

Moreover, the Electoral College encourages presidential candidates to campaign across the country, engaging with voters in all corners of the nation, not just the few battleground states that would dominate a popular vote system. This nationwide campaigning fosters a broader understanding of the diverse perspectives and issues that shape our country.

Opponents of the Electoral College often cite the instances where the winner of the popular vote has not secured enough electoral votes to win the presidency. However, these occurrences, while rare, serve as a reminder of the Electoral College's role in protecting the integrity of our elections. By requiring a broad base of support across the nation, the Electoral College discourages candidates from focusing solely on winning a handful of heavily populated states, ensuring that the presidency is truly representative of the will of the American people.

The Electoral College, enshrined in our Constitution, is not without its flaws, but it remains an essential component of our democratic system. It safeguards the voices of all states, encourages nationwide campaigning, and protects the integrity of our elections. I urge you to stand firm in your support of the Electoral College, ensuring that the voices of all Americans are heard in the election of our nation's leader.

Sincerely,
Akis yakoumatos",1,-1,1
"Dear Antonios Kessidis,

I am writing to you today to express my strong support for maintaining the Electoral College system for electing the President of the United States. I believe that the Electoral College is a vital component of our democracy and that it plays a crucial role in ensuring that our nation's president is truly representative of the will of the people.

Proponents of abolishing the Electoral College often argue that it is an undemocratic system that gives undue power to voters in less populous states. However, I believe that this argument is misguided. The Electoral College actually serves to protect the rights of minority voters, including those who live in rural areas or small states.

Without the Electoral College, presidential candidates would only focus on campaigning in the most populous states, such as California, New York, and Texas. This would leave voters in other states feeling disenfranchised and unheard. The Electoral College helps to ensure that all Americans, regardless of where they live, have a say in who becomes our president.

In addition, the Electoral College helps to prevent a ""tyranny of the majority"" by ensuring that no single region or state can control the outcome of a presidential election. This is important because it protects the rights of minority groups and ensures that our government is not dominated by any one faction.

I understand that there have been several instances in which the winner of the popular vote has not won the Electoral College. However, I believe that these instances are the exception rather than the rule. The Electoral College has served us well for over 200 years, and I believe that it is essential that we continue to maintain this important safeguard of our democracy.

I urge you to resist calls to abolish the Electoral College and instead focus on reforming the system to make it more fair and equitable for all voters. Thank you for your time and consideration.

Sincerely,
Andrianos toulatos",1,-1,1
"Rethinking Our Reliance on Cars: Embracing a More Sustainable Future

In today's fast-paced world, cars have become an indispensable part of our lives, providing convenience and mobility. However, our overdependence on cars has come at a significant cost, leading to a plethora of environmental, health, and social issues. Recognizing the detrimental effects of excessive car usage, it is imperative to advocate for a shift towards a more sustainable approach to transportation, one that emphasizes limiting car usage and embracing alternative modes of mobility.

One of the most compelling reasons to reduce car usage is its profound impact on the environment. Cars are a major source of air pollution, emitting harmful greenhouse gases such as carbon dioxide, which contribute to climate change. The burning of fossil fuels in cars also releases pollutants like nitrogen oxides and particulate matter, which have detrimental effects on human health, causing respiratory problems and other ailments. By limiting car usage, we can significantly reduce these emissions, promoting a cleaner and healthier environment.

Apart from environmental concerns, excessive car usage also poses significant health risks. A sedentary lifestyle, often associated with car-dependent lifestyles, leads to an increased risk of obesity, heart disease, and diabetes. Moreover, the stress and frustration associated with traffic congestion and parking hassles can have detrimental effects on mental well-being. By opting for alternative modes of transportation, such as walking, cycling, or using public transport, we can incorporate physical activity into our daily routines, promoting both physical and mental health.

Limiting car usage also has profound social benefits. Car-centric urban planning has led to the creation of sprawling suburbs, isolating communities and diminishing social interaction. By promoting walkable and bike-friendly neighborhoods, we can foster a sense of community, encouraging social interaction and creating more vibrant and lively spaces. This shift can also help to revitalize local businesses and economies by making them more accessible to pedestrians and cyclists.

In conclusion, the overreliance on cars has created a multitude of environmental, health, and social problems. By limiting car usage and embracing sustainable transportation alternatives, we can create a healthier, more sustainable, and more connected society. Let us collectively move towards a future where cars are no longer the dominant mode of transportation, but rather a convenient option alongside a diverse range of accessible and sustainable alternatives.",0,-1,1
"Reducing Car Usage: A Path to a Healthier and More Sustainable Future

In today's world, cars have become an indispensable part of our daily lives, providing us with convenience and flexibility in transportation. However, overreliance on cars has brought about a plethora of challenges, including environmental degradation, public health concerns, and increased congestion. Limiting car usage, therefore, presents a compelling solution to address these issues and pave the way for a healthier and more sustainable future.

Environmental Benefits

Cars are a major source of air pollution, emitting harmful pollutants such as carbon monoxide, nitrogen oxides, and particulate matter. These pollutants contribute to respiratory problems, cardiovascular diseases, and acid rain, posing significant threats to human health and ecosystems. By reducing car usage, we can effectively lower emissions, improve air quality, and protect the environment for future generations.

Public Health Advantages

Excessive car dependency has led to a sedentary lifestyle, with individuals spending prolonged periods sitting behind the wheel. This lack of physical activity contributes to obesity, heart disease, diabetes, and other chronic health conditions. Encouraging alternative modes of transportation, such as walking, cycling, and public transit, can promote physical activity, reduce reliance on cars, and enhance overall public health.

Alleviating Congestion

Urban areas are increasingly grappling with traffic congestion, leading to wasted time, fuel inefficiency, and increased stress levels. Reducing car usage can significantly alleviate congestion, making our roads more efficient and our cities more livable. By adopting carpooling, using public transportation, or cycling for short distances, we can collectively reduce the number of cars on the road and improve traffic flow.

Economic Considerations

Car ownership and operation come with substantial financial burdens, including fuel costs, maintenance expenses, and insurance premiums. By limiting car usage, individuals can save money on these expenses, freeing up resources for other necessities. Moreover, promoting alternative modes of transportation can stimulate economic growth in industries such as public transit and cycling infrastructure.

Embracing a Sustainable Future

Transitioning away from car dependency requires a concerted effort from individuals, businesses, and policymakers. Governments can implement policies that promote public transportation, cycling infrastructure, and car-free zones. Businesses can encourage employees to use alternative modes of transportation and offer incentives for carpooling. Individuals can make conscious choices to walk, cycle, or use public transport for short distances, gradually reducing their reliance on cars.

In conclusion, limiting car usage presents a multi-faceted solution to address environmental, public health, and congestion challenges. By embracing alternative modes of transportation, we can create a healthier, more sustainable, and livable future for all.",0,-1,1
"
Environmental Benefits of Limiting Car Usage

In today's world, cars have become an essential part of our daily lives, providing convenient transportation for work, errands, and leisure activities. However, the widespread use of cars has also led to significant environmental concerns, including air pollution, greenhouse gas emissions, and traffic congestion. Limiting car usage can offer a multitude of benefits for both the environment and our overall well-being.

Reduced Air Pollution

One of the most compelling reasons to limit car usage is its positive impact on air quality. Cars emit harmful pollutants such as carbon monoxide, nitrogen oxides, and particulate matter, which contribute to smog, respiratory problems, and even premature deaths. By reducing car usage, we can significantly lower these emissions, leading to cleaner air and improved public health.

Mitigating Climate Change

Cars are a major source of greenhouse gas emissions, primarily carbon dioxide, which is the main driver of climate change. Limiting car usage can help reduce these emissions and mitigate the effects of climate change, such as rising sea levels, extreme weather events, and disruptions to ecosystems.

Alleviating Traffic Congestion

Traffic congestion is a growing problem in many cities, wasting time, increasing fuel consumption, and contributing to stress levels. By reducing car usage and opting for alternative modes of transportation, such as public transit, cycling, or walking, we can significantly alleviate traffic congestion, making our cities more livable and efficient.

Promoting Health and Well-being

Limiting car usage can also have positive effects on our personal health and well-being. Walking, cycling, and using public transit encourage physical activity, which is essential for maintaining a healthy weight, reducing the risk of chronic diseases, and improving mental health.

Economic Savings

Reducing car usage can lead to significant economic savings. By driving less, we can save money on fuel, car maintenance, and insurance costs. Additionally, cities can invest the money saved from reduced traffic congestion into improving public transportation infrastructure and creating more pedestrian-friendly spaces.

Conclusion

Limiting car usage is not just an environmental imperative; it is also a matter of personal and societal well-being. By making conscious choices to reduce our reliance on cars, we can create a cleaner, healthier, and more sustainable future for ourselves and generations to come. Let's embrace alternative modes of transportation and pave the way for a greener, healthier, and more connected world.",0,-1,1
"The Advantages of Limiting Car Usage: A Call for a Sustainable Future

In today's world, cars have become an indispensable part of our daily lives, providing us with convenience and mobility. However, our reliance on cars has come at a significant cost, contributing to environmental degradation, traffic congestion, and health issues. Limiting car usage is not just an environmental imperative but also a way to enhance our overall well-being.

One of the most compelling reasons to reduce car usage is its positive impact on the environment. Cars are a major source of air pollution, emitting harmful pollutants such as carbon monoxide, nitrogen oxides, and particulate matter. These pollutants contribute to respiratory problems, heart disease, and even premature death. By limiting car usage, we can significantly reduce air pollution, improving air quality and safeguarding public health.

Furthermore, car usage is a major contributor to greenhouse gas emissions, which exacerbate climate change. Transportation accounts for nearly a quarter of global energy-related carbon dioxide emissions, with cars being the primary source. Reducing car usage can help mitigate climate change, protecting our planet for future generations.

Traffic congestion is another pressing issue that can be alleviated by limiting car usage. As more and more people rely on cars, roads become clogged, leading to increased travel times, wasted fuel, and frustration. By reducing car usage and embracing alternative modes of transportation, such as public transit, cycling, and walking, we can ease traffic congestion, making our commutes more efficient and enjoyable.

Moreover, limiting car usage can have significant health benefits. Overreliance on cars has contributed to a sedentary lifestyle, leading to increased rates of obesity, heart disease, and diabetes. By incorporating physical activity into our daily routines, such as walking, cycling, or using public transit, we can improve our overall health and well-being.

In addition to the environmental and health benefits, limiting car usage can also lead to financial savings. Car ownership and operation come with significant expenses, including fuel costs, insurance, maintenance, and parking fees. By reducing car usage, individuals can save money on these expenses, freeing up resources for other important needs.

Transitioning away from car-centric lifestyles requires a concerted effort from individuals, communities, and governments. Investing in public transportation infrastructure, creating more bikeable and walkable communities, and implementing policies that encourage car alternatives are crucial steps towards reducing car usage.

In conclusion, limiting car usage is not just about making personal sacrifices; it is an investment in our collective future. By reducing our reliance on cars, we can create a healthier, more sustainable, and more livable world for ourselves and future generations. Let us embrace a more eco-conscious approach to transportation and pave the way for a brighter future.",0,-1,1
"
Limiting Car Usage: A Path to a Healthier and More Sustainable Future

In today's world, cars have become an indispensable part of our daily lives, providing us with convenience and mobility. However, our reliance on cars has also brought about a range of challenges, including environmental pollution, traffic congestion, and health concerns. Limiting car usage is crucial to address these issues and create a more sustainable and healthy future for our communities.

One of the most compelling reasons to limit car usage is its positive impact on the environment. Cars are a major source of air pollution, releasing harmful greenhouse gases like carbon dioxide and nitrogen oxides. These pollutants contribute to climate change, acid rain, and respiratory illnesses. By reducing our dependence on cars, we can significantly lower our carbon footprint and protect the environment for future generations.

Apart from environmental benefits, limiting car usage also enhances our health and well-being. Excessive car use leads to a sedentary lifestyle, increasing the risk of obesity, heart disease, and diabetes. Moreover, traffic congestion and air pollution contribute to stress and anxiety. By adopting alternative modes of transportation, such as walking, cycling, or using public transport, we can promote physical activity, reduce stress levels, and improve our overall health.

In addition to environmental and health benefits, limiting car usage also alleviates traffic congestion, making our cities more livable. Congested roads waste our time, increase fuel consumption, and contribute to air pollution. By reducing the number of cars on the road, we can improve traffic flow, shorten commute times, and create a more pleasant urban environment.

Furthermore, limiting car usage promotes sustainable urban development. When people are less reliant on cars, cities can invest in more pedestrian-friendly infrastructure, such as wider sidewalks, cycling paths, and public transportation networks. This shift can revitalize neighborhoods, encourage social interaction, and create a more vibrant and connected community.

In conclusion, limiting car usage is not just about personal choices; it is a collective responsibility towards a healthier and more sustainable future. By reducing our reliance on cars, we can improve air quality, promote physical activity, alleviate traffic congestion, and create more livable cities. Let us embrace alternative modes of transportation and pave the way for a cleaner, healthier, and more connected future for generations to come.",0,-1,1
"Limiting Car Usage: A Path to a Healthier and Sustainable Future

In today's world, cars have become an indispensable part of our daily lives, providing us with convenience and mobility. However, our reliance on automobiles has come at a significant cost, leading to environmental degradation, public health concerns, and an overall decline in the quality of life. Limiting car usage, therefore, emerges as a crucial step towards creating a more sustainable and healthier future for our communities.

One of the most compelling reasons to reduce car dependence is its positive impact on the environment. Cars are a major source of air pollution, emitting harmful pollutants such as carbon dioxide, nitrogen oxides, and particulate matter. These pollutants contribute to a range of environmental problems, including climate change, acid rain, and respiratory illnesses. By limiting car usage, we can significantly reduce our carbon footprint and mitigate the effects of climate change.

Moreover, excessive car usage poses serious threats to public health. Traffic congestion and air pollution contribute to respiratory problems, cardiovascular diseases, and even premature deaths. Additionally, the sedentary lifestyle associated with car-centric lifestyles leads to increased rates of obesity, diabetes, and other chronic health conditions. By encouraging alternative modes of transportation, such as walking, cycling, and public transit, we can promote physical activity and improve overall health outcomes.

Furthermore, limiting car usage can enhance the livability and vibrancy of our communities. Car-dominated environments often lack pedestrian-friendly spaces, vibrant public spaces, and a sense of community cohesion. By reducing car traffic, we can create more walkable and bikeable neighborhoods, fostering a sense of place and encouraging social interaction. Additionally, less traffic congestion can lead to reduced noise pollution, making our communities more peaceful and enjoyable.

In conclusion, limiting car usage is not just an environmental imperative but also a crucial step towards creating healthier, more sustainable, and livable communities. By embracing alternative modes of transportation, we can reduce our environmental impact, improve public health, and enhance the quality of life for all. Let us join hands to make our cities and towns more people-friendly, less car-dependent, and more aligned with a sustainable future.",0,-1,1
"Reducing Reliance on Cars: Embracing a Sustainable and Healthier Future

In today's world, cars have become an integral part of our daily lives, providing convenient transportation for work, errands, and leisure activities. However, this reliance on automobiles comes at a significant cost, not only to our individual finances but also to the environment and our overall well-being. By limiting car usage and embracing alternative modes of transportation, we can reap a multitude of benefits, paving the way for a more sustainable and healthier future.

Environmental Benefits: A Breath of Fresh Air

One of the most compelling reasons to reduce car usage is the positive impact it has on the environment. Cars are a major source of air pollution, emitting harmful pollutants such as carbon dioxide, nitrogen oxides, and particulate matter. These pollutants contribute to climate change, smog, and respiratory illnesses. By limiting car usage, we can significantly reduce these emissions, improving air quality and protecting public health.

Financial Savings: Fueling a Brighter Future

Car ownership and operation can be a significant financial burden. Fuel costs, maintenance expenses, insurance premiums, and parking fees can quickly add up. By opting for alternative modes of transportation, such as public transit, cycling, or walking, individuals can save substantial amounts of money. These savings can be redirected towards other essential expenses or personal investments.

Health Benefits: Embracing an Active Lifestyle

Reducing car usage not only benefits the environment and our wallets but also our physical and mental health. By opting for active transportation options, we can incorporate regular physical activity into our daily routines. This can lead to improved cardiovascular health, reduced risk of obesity and chronic diseases, and enhanced mental well-being.

Community Vitality: Fostering a Connected Society

Limiting car usage and embracing alternative modes of transportation can also revitalize our communities. Public spaces become more vibrant and pedestrian-friendly, encouraging social interaction and fostering a sense of community. This can lead to improved mental health, reduced crime rates, and a more vibrant local economy.

Conclusion: A Paradigm Shift

Transitioning away from car-centric lifestyles requires a collective effort, a paradigm shift towards embracing alternative modes of transportation. By making informed choices about our daily commutes and adopting sustainable transportation habits, we can collectively create a healthier, more environmentally friendly, and financially secure future for ourselves and generations to come. Let us embrace this change, one car-free journey at a time.",0,-1,1
"Advantages of Limiting Car Usage

In today's world, cars have become an indispensable part of our lives, providing convenience and mobility. However, our reliance on cars has also led to a number of negative consequences, including environmental pollution, traffic congestion, and health problems. Limiting car usage can help to address these challenges and create a more sustainable and livable future for all.

Environmental benefits

One of the most significant advantages of limiting car usage is its positive impact on the environment. Cars are a major source of air pollution, emitting harmful pollutants such as carbon dioxide, nitrogen oxides, and particulate matter. These pollutants contribute to climate change, smog, and respiratory problems. By reducing car usage, we can significantly reduce air pollution and improve air quality.

In addition to air pollution, cars also contribute to water pollution through oil leaks and runoff from roads and parking lots. Limiting car usage can help to reduce water pollution and protect our water resources.

Traffic congestion

Another major problem associated with car usage is traffic congestion. Traffic congestion wastes time, increases fuel consumption, and contributes to stress and frustration. Limiting car usage can help to reduce traffic congestion and make our roads more efficient. This can lead to shorter commute times, reduced fuel costs, and improved overall quality of life.

Health benefits

Limiting car usage can also have a number of positive health benefits. Cars contribute to air pollution, which can exacerbate respiratory problems such as asthma and bronchitis. Additionally, the sedentary lifestyle associated with car use can lead to obesity, heart disease, and other health problems.

By limiting car usage and increasing physical activity, we can improve our overall health and well-being. Walking, cycling, and taking public transportation are all great ways to get exercise and reduce your reliance on cars.

Economic benefits

Limiting car usage can also have some economic benefits. The cost of owning and operating a car can be significant, including fuel, maintenance, repairs, and insurance. By limiting car usage, you can save money on these expenses.

In addition, limiting car usage can help to reduce the cost of public infrastructure, such as roads and parking lots. This can free up resources for other priorities, such as education, healthcare, and public transportation.

Conclusion

Limiting car usage is a smart choice that can benefit individuals, communities, and the environment. By reducing our reliance on cars, we can improve air quality, reduce traffic congestion, improve our health, and save money. There are a number of ways to limit car usage, such as walking, cycling, taking public transportation, and carpooling. By making small changes, we can make a big difference.",0,-1,1
"Embracing a Car-Lite Lifestyle: A Path to a Healthier and Sustainable Future
In today's fast-paced world, cars have become an indispensable part of our daily lives, providing convenience and mobility. However, our reliance on automobiles comes at a significant cost, both to our environment and to our personal well-being. Limiting car usage, even in small ways, can yield a multitude of benefits, paving the way for a healthier, more sustainable future.

A compelling reason to reduce car dependency is its positive impact on environmental health. Cars are a major source of air pollution, releasing harmful greenhouse gases like carbon dioxide and nitrogen oxides. These emissions contribute to climate change, global warming, and air quality deterioration, leading to respiratory illnesses, acid rain, and damage to ecosystems. By reducing car usage, we can significantly lower our carbon footprint and mitigate the harmful effects of air pollution.

Furthermore, limiting car usage promotes personal health and well-being. Excessive car use leads to a sedentary lifestyle, increasing the risk of obesity, heart disease, and other chronic conditions. Conversely, embracing alternative modes of transportation, such as walking, cycling, or using public transport, encourages physical activity and promotes overall health. Additionally, reduced car congestion leads to less noise pollution, contributing to a more peaceful and stress-free environment.

Economically, limiting car usage can lead to significant savings. Car ownership involves substantial expenses, including fuel costs, maintenance fees, insurance premiums, and parking charges. By reducing car usage, individuals can save money on these expenses, freeing up funds for other essential needs. Moreover, cities that prioritize pedestrian-friendly infrastructure and invest in public transportation systems can attract more businesses and residents, leading to economic growth and job creation.

Transitioning to a car-lite lifestyle requires a collective effort from individuals, communities, and governments. Individuals can make conscious choices to reduce car usage, such as walking or cycling for short distances, carpooling for work or errands, and utilizing public transportation whenever possible. Communities can create more walkable and bike-friendly neighborhoods, with dedicated lanes, pedestrian-friendly crosswalks, and safe cycling paths. Governments can implement policies that discourage car use, such as congestion pricing, parking restrictions, and incentives for alternative transportation options.

In conclusion, limiting car usage is a crucial step towards a healthier, more sustainable, and economically vibrant future. By reducing our reliance on automobiles, we can improve air quality, promote personal well-being, save money, and foster a more livable environment for all. Embracing a car-lite lifestyle is not just a choice; it is an investment in our collective well-being and the planet's future.",0,-1,1
"Advantages of Limiting Car Usage: A Call for a Sustainable Future

In today's fast-paced world, cars have become an indispensable part of our daily lives. They provide convenience, flexibility, and a sense of freedom. However, our reliance on cars has come at a considerable cost, both to the environment and to our well-being. Liming car usage is not just a matter of personal choice; it is a collective responsibility that we must embrace to ensure a sustainable future for ourselves and generations to come.

Environmental Benefits

Cars are a major source of air pollution, emitting harmful pollutants such as carbon dioxide, nitrogen oxides, and particulate matter. These pollutants contribute to a range of environmental problems, including smog, acid rain, and climate change. Reducing car usage can significantly improve air quality, leading to healthier communities and a cleaner planet.

Moreover, cars contribute to greenhouse gas emissions, trapping heat in the atmosphere and exacerbating climate change. By limiting car use, we can reduce our carbon footprint and mitigate the devastating effects of climate change, such as rising sea levels, extreme weather events, and biodiversity loss.

Health Benefits

Our reliance on cars has led to a sedentary lifestyle, contributing to obesity, heart disease, and other health problems. Replacing car trips with walking, cycling, or public transportation can increase physical activity levels, leading to improved cardiovascular health, stronger bones and muscles, and reduced stress levels.

Furthermore, car-centric urban planning has made it difficult for people to access parks, green spaces, and recreational facilities. Limiting car usage and promoting pedestrian-friendly environments can encourage people to spend more time outdoors, improving mental and physical well-being.

Economic Benefits

Car ownership and operation come with significant financial costs, including fuel, maintenance, insurance, and parking fees. By reducing car usage, individuals can save money on these expenses, freeing up resources for other essential needs.

Additionally, excessive car usage can lead to traffic congestion, wasting valuable time and fuel. Promoting alternative modes of transportation can improve traffic flow, reduce commuting times, and boost productivity.

Embracing a Sustainable Future

Limiting car usage is not a radical change; it is a conscious decision to prioritize our well-being and the well-being of our planet. By making small changes in our daily routines, we can collectively make a significant impact.

Walk, cycle, or use public transportation for short trips. Carpool or use ride-sharing services for longer distances. Support the development of bike lanes, pedestrian-friendly infrastructure, and reliable public transportation systems.

Limiting car usage is not about giving up convenience or freedom; it is about embracing a more sustainable and healthy way of life. By making these conscious choices, we can create a better future for ourselves and for generations to come.",0,-1,1
